member,blocks,methods,packed,unpacked,decoded_ok
TO7ROOT:/_MCICO.SLZ,1,3,24537,40448,1
TO7FIELD:/BBB.SLZ,1,1,170040,423936,1
TO7FIELD:/F0.PKF,292,1,37636052,97258620,292
TO7FIELD:/F0_2A.PKF,290,1,36863394,95489444,290
TO7FIELD:/F0_3A.PKF,290,1,36358011,94351204,290
TO7FIELD:/F0_3B.PKF,289,1,18845813,53420536,289
TO7FIELD:/F0_4A.PKF,290,1,31732632,82997528,290
TO7FIELD:/F0_4B.PKF,289,1,24177160,66012920,289
TO7FIELD:/F0_5A.PKF,290,1,36718185,95390484,290
TO7FIELD:/F0_6A.PKF,295,1,37470023,97742328,295
TO7FIELD:/F0_D1.PKF,49,1,4117186,11722416,49
TO7FIELD:/F0_D2.PKF,25,1,2767230,7092216,25
TO7FIELD:/F0_D3.PKF,49,1,6846364,18286992,49
TO7FIELD:/F0_M.PKF,289,1,18371368,52156340,289
TO7FIELD:/F1.SLZ,1,1,442897,1179648,1
TO7FIELD:/F2.SLZ,1,1,580298,1093632,1
TO7FIELD:/F3.PKF,4634,1,24271058,41096928,4634
TO7FIELD:/F3_2A.PKF,4624,1,23936704,40789136,4624
TO7FIELD:/F3_3A.PKF,4624,1,23688166,40611632,4624
TO7FIELD:/F3_3B.PKF,4624,1,13015256,30151264,4624
TO7FIELD:/F3_4A.PKF,4624,1,21259490,38785680,4624
TO7FIELD:/F3_4B.PKF,4624,1,16249551,33714064,4624
TO7FIELD:/F3_5A.PKF,4624,1,23992110,40905984,4624
TO7FIELD:/F3_6A.PKF,4638,1,23935189,41303984,4638
TO7FIELD:/F3_D1.PKF,784,1,4501809,7794000,784
TO7FIELD:/F3_D2.PKF,400,1,2435759,3754432,400
TO7FIELD:/F3_D3.PKF,784,1,4950698,6552640,784
TO7FIELD:/F3_M.PKF,4624,1,12676445,29855584,4624
TO7MAP:/AJI_D00E.PKB,1,3,851889,2472512,1
TO7MAP:/AJI_D01.PKB,1,3,872483,2702784,1
TO7MAP:/AJI_D02.PKB,1,3,867004,2553024,1
TO7MAP:/AJI_D03.PKB,1,3,923791,2674432,1
TO7MAP:/AJI_D04.PKB,1,3,457939,1186432,1
TO7MAP:/AJI_D05.PKB,1,3,417444,944320,1
TO7MAP:/AJI_D06.PKB,1,3,435437,989440,1
TO7MAP:/AJI_D07.PKB,1,3,453961,1140544,1
TO7MAP:/AJI_D08.PKB,1,3,410293,1039680,1
TO7MAP:/AJI_D09.PKB,1,3,490172,1348416,1
TO7MAP:/AJI_D10.PKB,1,3,396257,847680,1
TO7MAP:/AJI_D11.PKB,1,3,432204,1108288,1
TO7MAP:/AJI_D12.PKB,1,3,415194,911872,1
TO7MAP:/AJI_D13.PKB,1,3,422465,1090880,1
TO7MAP:/AJI_D14.PKB,1,3,526617,1430336,1
TO7MAP:/AJI_D15.PKB,1,3,481091,1212672,1
TO7MAP:/AJI_D16.PKB,1,3,562660,1566848,1
TO7MAP:/AJI_D17.PKB,1,3,425433,953216,1
TO7MAP:/AJI_D18.PKB,1,3,503315,1330880,1
TO7MAP:/AJI_D19.PKB,1,3,497597,1294400,1
TO7MAP:/AJI_D20.PKB,1,3,495680,1304768,1
TO7MAP:/AJI_D21.PKB,1,3,406088,899840,1
TO7MAP:/AJI_D22.PKB,1,3,501277,1335680,1
TO7MAP:/AJI_D23.PKB,1,3,412191,907520,1
TO7MAP:/AJI_D24.PKB,1,3,416852,927744,1
TO7MAP:/AJI_D25.PKB,1,3,498294,1319296,1
TO7MAP:/AJI_D26.PKB,1,3,751561,2385600,1
TO7MAP:/ANI_I00_00.PKB,1,3,1332805,3156096,1
TO7MAP:/ANI_I00_01.PKB,1,3,634673,1461952,1
TO7MAP:/ANI_I01.PKB,1,3,771987,1990016,1
TO7MAP:/ANI_I02.PKB,1,3,618017,1560128,1
TO7MAP:/ANI_I03.PKB,1,3,567613,1213568,1
TO7MAP:/ANI_T00E.PKB,1,3,1202716,3360128,1
TO7MAP:/ANI_T01E.PKB,1,3,1152950,3095808,1
TO7MAP:/BAS_T00E.PKB,1,3,1395612,3353600,1
TO7MAP:/BNI_T00E.PKB,1,3,624297,1646272,1
TO7MAP:/CAP_I00_00.PKB,1,3,919467,1892224,1
TO7MAP:/CAP_I00_01.PKB,1,3,903735,1967936,1
TO7MAP:/CAP_I00_02.PKB,1,3,1112484,2453568,1
TO7MAP:/CAP_I00_03.PKB,1,3,724196,1640192,1
TO7MAP:/CAP_I00_04.PKB,1,3,1156872,2391744,1
TO7MAP:/CAP_I00_05.PKB,1,3,1209487,2446464,1
TO7MAP:/CAP_I01.PKB,1,3,983918,1986048,1
TO7MAP:/CAP_I02.PKB,1,3,825427,1594112,1
TO7MAP:/CAP_I03_00.PKB,1,3,757681,1749056,1
TO7MAP:/CAP_I03_01.PKB,1,3,792494,1864000,1
TO7MAP:/CAP_I03_02.PKB,1,3,753881,1715648,1
TO7MAP:/CAP_I04.PKB,1,3,1192712,2240320,1
TO7MAP:/CAP_I05_00.PKB,1,3,1387056,3639936,1
TO7MAP:/CAP_I05_01.PKB,1,3,1437751,4181952,1
TO7MAP:/CAP_I05_02.PKB,1,3,547702,1610944,1
TO7MAP:/CAP_I05_03.PKB,1,3,672177,2070528,1
TO7MAP:/CAP_I05_04.PKB,1,3,531661,1563968,1
TO7MAP:/CAP_I05_05.PKB,1,3,593606,1612096,1
TO7MAP:/CAP_I05_06.PKB,1,3,802851,2090560,1
TO7MAP:/CAP_I05_07.PKB,1,3,1064049,2496320,1
TO7MAP:/CAP_I05_08.PKB,1,3,1322649,3606464,1
TO7MAP:/CAP_I05_09.PKB,1,3,70274,409280,1
TO7MAP:/CAP_I05_10.PKB,1,3,70272,409280,1
TO7MAP:/CAP_I05_11.PKB,1,3,1020548,1861056,1
TO7MAP:/CAP_I06_00.PKB,1,3,1559475,4243520,1
TO7MAP:/CAP_I06_01.PKB,1,3,1525882,4039488,1
TO7MAP:/CAP_I06_02.PKB,1,3,710930,1996672,1
TO7MAP:/CAP_I06_03.PKB,1,3,797796,2244672,1
TO7MAP:/CAP_I06_04.PKB,1,3,1191208,3486592,1
TO7MAP:/CAP_I06_05.PKB,1,3,1502042,3663232,1
TO7MAP:/CAP_I06_06.PKB,1,3,1050817,3145536,1
TO7MAP:/CAP_I06_07.PKB,1,3,613400,1857152,1
TO7MAP:/CAP_T00E.PKB,1,3,1006369,3969152,1
TO7MAP:/CAP_T01.PKB,1,3,1354489,4447232,1
TO7MAP:/CAP_T02.PKB,1,3,1037306,3749440,1
TO7MAP:/CAP_T03.PKB,1,3,912847,2916224,1
TO7MAP:/CAP_T04.PKB,1,3,1521130,5115328,1
TO7MAP:/CAP_T05.PKB,1,3,1378957,4111104,1
TO7MAP:/CAS_D00E.PKB,1,3,727457,2031296,1
TO7MAP:/CAS_D01.PKB,1,3,740983,2496000,1
TO7MAP:/CAS_D02.PKB,1,3,356780,1435520,1
TO7MAP:/CAS_D03.PKB,1,3,363682,1450112,1
TO7MAP:/CAS_D04.PKB,1,3,854175,2277504,1
TO7MAP:/CAS_D05.PKB,1,3,263234,1055296,1
TO7MAP:/CAS_D06.PKB,1,3,308942,1063104,1
TO7MAP:/CAS_D07.PKB,1,3,295636,1071616,1
TO7MAP:/CAS_D08.PKB,1,3,232806,953984,1
TO7MAP:/CAS_D09.PKB,1,3,152833,584448,1
TO7MAP:/CAS_D10.PKB,1,3,1141503,2693376,1
TO7MAP:/CHD_D00E.PKB,1,3,978327,2635904,1
TO7MAP:/CHD_D01.PKB,1,3,873395,2371456,1
TO7MAP:/CHD_D02.PKB,1,3,412790,1094592,1
TO7MAP:/CHD_D03.PKB,1,3,424267,1040512,1
TO7MAP:/CHD_D04.PKB,1,3,582142,1472512,1
TO7MAP:/CHD_D05.PKB,1,3,543117,1393920,1
TO7MAP:/CHD_D06.PKB,1,3,521415,1385728,1
TO7MAP:/CHD_D07.PKB,1,3,477285,1292224,1
TO7MAP:/CHD_D08.PKB,1,3,523682,1412544,1
TO7MAP:/CHD_D09.PKB,1,3,476016,1254528,1
TO7MAP:/CHD_D10.PKB,1,3,555157,1320960,1
TO7MAP:/CHD_D11.PKB,1,3,444082,1107712,1
TO7MAP:/CHD_D12.PKB,1,3,480012,1253888,1
TO7MAP:/CHD_D13.PKB,1,3,469899,1200384,1
TO7MAP:/CHD_D14.PKB,1,3,533490,1384768,1
TO7MAP:/CHD_D15.PKB,1,3,514451,1306752,1
TO7MAP:/CHD_D16.PKB,1,3,436713,1161472,1
TO7MAP:/CHD_D17.PKB,1,3,456465,1203136,1
TO7MAP:/CHD_D18.PKB,1,3,457003,1134528,1
TO7MAP:/CHD_D19.PKB,1,3,513799,1265984,1
TO7MAP:/CHD_D20.PKB,1,3,709329,2070272,1
TO7MAP:/CHU_I00_00.PKB,1,3,1689408,4607168,1
TO7MAP:/CHU_I00_01.PKB,1,3,1567041,4623680,1
TO7MAP:/CHU_I00_02.PKB,1,3,1522012,3455616,1
TO7MAP:/CHU_I00_03.PKB,1,3,816037,1875072,1
TO7MAP:/CHU_I00_04.PKB,1,3,979872,2278592,1
TO7MAP:/CHU_I00_05.PKB,1,3,837294,1702208,1
TO7MAP:/CHU_I00_06.PKB,1,3,937353,2510144,1
TO7MAP:/CHU_I00_07.PKB,1,3,596253,1640512,1
TO7MAP:/CHU_I00_08.PKB,1,3,1503680,3224960,1
TO7MAP:/CHU_I00_09.PKB,1,3,1801865,3514624,1
TO7MAP:/CHU_I00_10.PKB,1,3,482515,1348224,1
TO7MAP:/CHU_I00_11.PKB,1,3,489617,1311360,1
TO7MAP:/CHU_I00_12.PKB,1,3,748619,1887296,1
TO7MAP:/CHU_I00_13.PKB,1,3,545251,1334912,1
TO7MAP:/CHU_I00_14.PKB,1,3,481514,1213888,1
TO7MAP:/CHU_I00_15.PKB,1,3,714288,1785344,1
TO7MAP:/CHU_I00_16.PKB,1,3,518847,1335104,1
TO7MAP:/CHU_I00_17.PKB,1,3,524258,1336640,1
TO7MAP:/CHU_I00_18.PKB,1,3,550863,1402496,1
TO7MAP:/CHU_I00_19.PKB,1,3,584449,1438144,1
TO7MAP:/CHU_I00_20.PKB,1,3,592265,1551360,1
TO7MAP:/CHU_I00_21.PKB,1,3,520797,1348352,1
TO7MAP:/CHU_I00_22.PKB,1,3,521842,1346752,1
TO7MAP:/CHU_I00_23.PKB,1,3,549672,1334848,1
TO7MAP:/CHU_I00_24.PKB,1,3,520999,1329408,1
TO7MAP:/CHU_I00_25.PKB,1,3,568090,1422464,1
TO7MAP:/CHU_I00_26.PKB,1,3,394941,996032,1
TO7MAP:/CHU_I00_27.PKB,1,3,622860,1560128,1
TO7MAP:/CHU_I00_28.PKB,1,3,452008,1177600,1
TO7MAP:/CHU_I00_29.PKB,1,3,551853,1403712,1
TO7MAP:/CHU_I00_30.PKB,1,3,587382,1430464,1
TO7MAP:/CHU_I00_31.PKB,1,3,379463,947904,1
TO7MAP:/CHU_I00_32.PKB,1,3,569825,1489344,1
TO7MAP:/CHU_I00_33.PKB,1,3,638686,1540672,1
TO7MAP:/CHU_I00_34.PKB,1,3,770254,1891392,1
TO7MAP:/CHU_I00_35.PKB,1,3,629031,1622848,1
TO7MAP:/CHU_I00_36.PKB,1,3,637375,1537792,1
TO7MAP:/CHU_I00_37.PKB,1,3,766465,1888704,1
TO7MAP:/CHU_I00_38.PKB,1,3,620298,1600256,1
TO7MAP:/CHU_I00_39.PKB,1,3,483331,1221376,1
TO7MAP:/CHU_I00_40.PKB,1,3,383806,1070272,1
TO7MAP:/CHU_I00_41.PKB,1,3,560105,1428992,1
TO7MAP:/CHU_I00_42.PKB,1,3,711621,1827904,1
TO7MAP:/CHU_I00_43.PKB,1,3,612880,1497856,1
TO7MAP:/CHU_I00_44.PKB,1,3,571819,1372736,1
TO7MAP:/CHU_I00_45.PKB,1,3,569309,1373888,1
TO7MAP:/CHU_I00_46.PKB,1,3,511159,1347456,1
TO7MAP:/CHU_I00_47.PKB,1,3,597026,1687680,1
TO7MAP:/CHU_I00_48.PKB,1,3,547792,1427328,1
TO7MAP:/CHU_I00_49.PKB,1,3,658181,1751872,1
TO7MAP:/CHU_I00_50.PKB,1,3,563120,1369216,1
TO7MAP:/CHU_I00_51.PKB,1,3,503751,1338560,1
TO7MAP:/CHU_I00_52.PKB,1,3,560659,1359488,1
TO7MAP:/CHU_I00_53.PKB,1,3,501140,1336640,1
TO7MAP:/CHU_I00_54.PKB,1,3,558246,1362496,1
TO7MAP:/CHU_I00_55.PKB,1,3,548504,1429312,1
TO7MAP:/CHU_I00_56.PKB,1,3,500662,1336576,1
TO7MAP:/CHU_I00_57.PKB,1,3,561134,1366336,1
TO7MAP:/CHU_I00_58.PKB,1,3,710979,1822848,1
TO7MAP:/CHU_I00_59.PKB,1,3,545078,1420864,1
TO7MAP:/CHU_I00_60.PKB,1,3,570900,1368896,1
TO7MAP:/CHU_I00_61.PKB,1,3,569910,1365568,1
TO7MAP:/CHU_I00_62.PKB,1,3,711252,1825280,1
TO7MAP:/CHU_I00_63.PKB,1,3,554645,1429056,1
TO7MAP:/CHU_I00_64.PKB,1,3,584096,1520576,1
TO7MAP:/CHU_T00E.PKB,1,3,755622,2367552,1
TO7MAP:/CHU_T01E.PKB,1,3,880858,3147072,1
TO7MAP:/CHU_T02.PKB,1,3,1184198,3775552,1
TO7MAP:/COK_D00E.PKB,1,3,846631,2201472,1
TO7MAP:/COK_D01.PKB,1,3,635600,1738368,1
TO7MAP:/COK_D02E.PKB,1,3,1164979,2902400,1
TO7MAP:/COK_D03E.PKB,1,3,789364,2061952,1
TO7MAP:/COK_D04E.PKB,1,3,872889,2057088,1
TO7MAP:/CPO_T00E.PKB,1,3,390845,1237952,1
TO7MAP:/DIS_I00_00.PKB,1,3,1018322,2266048,1
TO7MAP:/DIS_I00_01.PKB,1,3,397462,1012352,1
TO7MAP:/DIS_I00_02.PKB,1,3,398990,1015488,1
TO7MAP:/DIS_I00_03.PKB,1,3,409060,1018432,1
TO7MAP:/DIS_I00_04.PKB,1,3,474085,1296064,1
TO7MAP:/DIS_I01_00.PKB,1,3,394029,933952,1
TO7MAP:/DIS_I01_01.PKB,1,3,494005,1166144,1
TO7MAP:/DIS_I02_00.PKB,1,3,938427,1960832,1
TO7MAP:/DIS_I02_01.PKB,1,3,962771,2185664,1
TO7MAP:/DIS_I03.PKB,1,3,1037176,2491968,1
TO7MAP:/DIS_I04_00.PKB,1,3,1099548,2413888,1
TO7MAP:/DIS_I04_01.PKB,1,3,370623,836480,1
TO7MAP:/DIS_I04_02.PKB,1,3,431061,1129024,1
TO7MAP:/DIS_I04_03.PKB,1,3,756863,1355968,1
TO7MAP:/DIS_I04_04.PKB,1,3,993311,2082240,1
TO7MAP:/DIS_I05_00.PKB,1,3,632885,1471680,1
TO7MAP:/DIS_I05_01.PKB,1,3,583986,1301184,1
TO7MAP:/DIS_I05_02.PKB,1,3,924460,1972928,1
TO7MAP:/DIS_I06_00.PKB,1,3,1022129,2377216,1
TO7MAP:/DIS_I06_01.PKB,1,3,398141,1015552,1
TO7MAP:/DIS_I06_02.PKB,1,3,421871,1134080,1
TO7MAP:/DIS_I06_03.PKB,1,3,429052,1121152,1
TO7MAP:/DIS_I06_04.PKB,1,3,410300,1021184,1
TO7MAP:/DIS_I07_00.PKB,1,3,464491,1223232,1
TO7MAP:/DIS_I07_01.PKB,1,3,553131,1454464,1
TO7MAP:/DIS_I08_00.PKB,1,3,1018127,2264128,1
TO7MAP:/DIS_I08_01.PKB,1,3,403989,1012544,1
TO7MAP:/DIS_I08_02.PKB,1,3,402858,1010368,1
TO7MAP:/DIS_I08_03.PKB,1,3,415110,1018304,1
TO7MAP:/DIS_I08_04.PKB,1,3,415424,1018368,1
TO7MAP:/DIS_I09.PKB,1,3,1060515,2119872,1
TO7MAP:/DIS_T00E.PKB,1,3,1416218,4054272,1
TO7MAP:/DIS_T01.PKB,1,3,1730289,3922048,1
TO7MAP:/DIS_T02.PKB,1,3,1679534,4062144,1
TO7MAP:/DIS_T03E.PKB,1,3,1642667,4440640,1
TO7MAP:/DIS_T04.PKB,1,3,972022,2366464,1
TO7MAP:/DIS_T05E.PKB,1,3,1258786,3648896,1
TO7MAP:/DIS_T06.PKB,1,3,1103761,2782144,1
TO7MAP:/DIS_T07.PKB,1,3,971287,2344768,1
TO7MAP:/EVE_T00.PKB,1,3,694519,1621376,1
TO7MAP:/EXD_D00.PKB,1,3,433019,1081216,1
TO7MAP:/EXD_D01.PKB,1,3,639925,1692288,1
TO7MAP:/EXD_D02.PKB,1,3,725911,1958272,1
TO7MAP:/EXE_D00E.PKB,1,3,964975,3214464,1
TO7MAP:/EXE_D01.PKB,1,3,589695,2301504,1
TO7MAP:/EXE_D02.PKB,1,3,932795,3197120,1
TO7MAP:/EXE_D03.PKB,1,3,772948,2949120,1
TO7MAP:/EXE_D04.PKB,1,3,1166549,2964480,1
TO7MAP:/FIR_D00E.PKB,1,3,1154632,1988608,1
TO7MAP:/FIR_D01.PKB,1,3,1254975,2069248,1
TO7MAP:/FIR_D02.PKB,1,3,1097382,1817792,1
TO7MAP:/FIR_D03.PKB,1,3,1311276,2276800,1
TO7MAP:/FIR_D04.PKB,1,3,464585,856384,1
TO7MAP:/FIR_D05.PKB,1,3,708595,1269760,1
TO7MAP:/FIR_D06.PKB,1,3,1181041,2690752,1
TO7MAP:/FIR_D07.PKB,1,3,830076,1612736,1
TO7MAP:/FIR_D08.PKB,1,3,1080498,2193408,1
TO7MAP:/FIR_D09.PKB,1,3,1124310,2737536,1
TO7MAP:/FIR_D10.PKB,1,3,828454,1701056,1
TO7MAP:/FLY_T00.PKB,1,3,869112,1921088,1
TO7MAP:/FLY_T01.PKB,1,3,1039569,2498496,1
TO7MAP:/FON_D00E.PKB,1,3,815627,2315520,1
TO7MAP:/FON_D01.PKB,1,3,689329,2073664,1
TO7MAP:/FON_D02.PKB,1,3,904688,2618624,1
TO7MAP:/FON_D03.PKB,1,3,660931,1938176,1
TO7MAP:/FON_D04.PKB,1,3,627052,1859904,1
TO7MAP:/FON_D05.PKB,1,3,740325,2269312,1
TO7MAP:/FON_D06.PKB,1,3,627359,1862400,1
TO7MAP:/FON_D07.PKB,1,3,641677,1880704,1
TO7MAP:/FON_D08.PKB,1,3,552931,1652352,1
TO7MAP:/FON_D09.PKB,1,3,510101,1518272,1
TO7MAP:/FON_D10.PKB,1,3,747947,2248768,1
TO7MAP:/FON_D11.PKB,1,3,485906,1452800,1
TO7MAP:/FON_D12.PKB,1,3,682263,1971200,1
TO7MAP:/FON_D13.PKB,1,3,484850,1442432,1
TO7MAP:/FON_D14.PKB,1,3,553074,1656192,1
TO7MAP:/FON_D15.PKB,1,3,673943,1958848,1
TO7MAP:/FON_D16.PKB,1,3,632389,1864832,1
TO7MAP:/FON_D17.PKB,1,3,853771,2517440,1
TO7MAP:/FON_D18.PKB,1,3,603421,1806208,1
TO7MAP:/FOR_I00.PKB,1,3,1207136,2308800,1
TO7MAP:/FOR_I01.PKB,1,3,1274564,2449856,1
TO7MAP:/FOR_I02.PKB,1,3,1099300,2310080,1
TO7MAP:/FOR_T00E.PKB,1,3,1133297,3138816,1
TO7MAP:/FOR_T01E.PKB,1,3,920897,2595328,1
TO7MAP:/FPO_I00.PKB,1,3,1250204,2414784,1
TO7MAP:/FPO_I01.PKB,1,3,1125015,2500928,1
TO7MAP:/FPO_T00E.PKB,1,3,980269,2914304,1
TO7MAP:/GLD_D00.PKB,1,3,771461,1824640,1
TO7MAP:/GLD_D01.PKB,1,3,742699,1598592,1
TO7MAP:/GLD_D02E.PKB,1,3,1086888,2452672,1
TO7MAP:/GLD_D03.PKB,1,3,902227,2121664,1
TO7MAP:/GLD_D04.PKB,1,3,641136,1872896,1
TO7MAP:/GLD_D05.PKB,1,3,844888,2456256,1
TO7MAP:/GLD_D06.PKB,1,3,580644,1683968,1
TO7MAP:/GLD_D07.PKB,1,3,580620,1683776,1
TO7MAP:/GLD_D08.PKB,1,3,864018,2478656,1
TO7MAP:/GLD_D09.PKB,1,3,708293,2038528,1
TO7MAP:/GLD_D10.PKB,1,3,508857,1530240,1
TO7MAP:/GLD_D11.PKB,1,3,856980,2485760,1
TO7MAP:/GLD_D12.PKB,1,3,721718,2054976,1
TO7MAP:/GLE_D00.PKB,1,3,927341,1923136,1
TO7MAP:/GLE_D01E.PKB,1,3,932205,2020224,1
TO7MAP:/GRA_D00E.PKB,1,3,651067,1874880,1
TO7MAP:/GRA_D01.PKB,1,3,680047,2247296,1
TO7MAP:/GRA_D02E.PKB,1,3,634504,2019520,1
TO7MAP:/GRA_D03E.PKB,1,3,623613,1975232,1
TO7MAP:/GRA_D04E.PKB,1,3,886399,2875648,1
TO7MAP:/GRA_D05E.PKB,1,3,635873,2006272,1
TO7MAP:/HEV_D00E.PKB,1,3,807342,2012416,1
TO7MAP:/HEV_D01.PKB,1,3,748371,2294784,1
TO7MAP:/HEV_D02.PKB,1,3,704356,1981696,1
TO7MAP:/HEV_D03.PKB,1,3,635322,1834880,1
TO7MAP:/HEV_D04.PKB,1,3,679621,1909632,1
TO7MAP:/HEV_D05.PKB,1,3,655003,1940608,1
TO7MAP:/HEV_D06.PKB,1,3,873446,2389824,1
TO7MAP:/HEV_D07.PKB,1,3,1120542,3153280,1
TO7MAP:/HEV_D08.PKB,1,3,1015307,2530368,1
TO7MAP:/HEV_D09.PKB,1,3,1148929,2741056,1
TO7MAP:/HOL_D00E.PKB,1,3,379096,1030016,1
TO7MAP:/ICE_D00E.PKB,1,3,687804,1670528,1
TO7MAP:/ICE_D01.PKB,1,3,452528,1020608,1
TO7MAP:/ICE_D02E.PKB,1,3,601084,1583296,1
TO7MAP:/ICE_D03.PKB,1,3,514777,1167104,1
TO7MAP:/ICE_D04.PKB,1,3,658310,1587776,1
TO7MAP:/ICE_D05.PKB,1,3,650300,1788864,1
TO7MAP:/ICE_D06.PKB,1,3,816558,2516800,1
TO7MAP:/ICE_D07.PKB,1,3,602594,1676736,1
TO7MAP:/ICE_D08.PKB,1,3,611360,1691200,1
TO7MAP:/ICE_D09.PKB,1,3,678056,1997120,1
TO7MAP:/ICE_D10E.PKB,1,3,705540,1338944,1
TO7MAP:/ICE_D11.PKB,1,3,721521,2094336,1
TO7MAP:/ICE_D12.PKB,1,3,711294,2072640,1
TO7MAP:/ICE_D13E.PKB,1,3,697736,2004864,1
TO7MAP:/KIN_D00E.PKB,1,3,865100,1893120,1
TO7MAP:/KIN_D01.PKB,1,3,904455,1986304,1
TO7MAP:/KIN_D02.PKB,1,3,930044,2019072,1
TO7MAP:/KIN_D03E.PKB,1,3,1037823,2293824,1
TO7MAP:/KIN_D04.PKB,1,3,344353,784896,1
TO7MAP:/KIN_D05.PKB,1,3,332301,747328,1
TO7MAP:/KIN_D06.PKB,1,3,332553,749824,1
TO7MAP:/LAS_D00E.PKB,1,3,998357,2600896,1
TO7MAP:/LAS_D01.PKB,1,3,679109,1948416,1
TO7MAP:/LAS_D02.PKB,1,3,691396,1685440,1
TO7MAP:/LAS_D03.PKB,1,3,572715,1730816,1
TO7MAP:/LAS_D04.PKB,1,3,1109641,2371968,1
TO7MAP:/LAS_D05.PKB,1,3,739555,1782080,1
TO7MAP:/LAS_D06.PKB,1,3,498797,1494592,1
TO7MAP:/LAS_D07.PKB,1,3,716642,1705984,1
TO7MAP:/LAS_D08.PKB,1,3,806564,1993024,1
TO7MAP:/LAS_D09.PKB,1,3,608266,1500800,1
TO7MAP:/LAS_D10.PKB,1,3,1311529,3255488,1
TO7MAP:/LAS_D11.PKB,1,3,1133177,3108928,1
TO7MAP:/LAS_D12.PKB,1,3,592153,2019712,1
TO7MAP:/LAS_D13.PKB,1,3,726549,2518784,1
TO7MAP:/LAS_D14.PKB,1,3,724731,2309312,1
TO7MAP:/LAS_D15.PKB,1,3,837333,2787776,1
TO7MAP:/LAS_D16.PKB,1,3,1383690,4203520,1
TO7MAP:/LAS_D17.PKB,1,3,1342394,4144000,1
TO7MAP:/LAS_D18.PKB,1,3,1163546,2648960,1
TO7MAP:/LUK_I00.PKB,1,3,29480,161152,1
TO7MAP:/MAG_D00E.PKB,1,3,857945,2123200,1
TO7MAP:/MEI_I00_00.PKB,1,3,702030,1727616,1
TO7MAP:/MEI_I00_01.PKB,1,3,687080,1620928,1
TO7MAP:/MEI_I01_00.PKB,1,3,1320768,3476480,1
TO7MAP:/MEI_I01_01.PKB,1,3,589044,1386176,1
TO7MAP:/MEI_I01_02.PKB,1,3,44276,250688,1
TO7MAP:/MEI_I01_03.PKB,1,3,643587,1569088,1
TO7MAP:/MEI_I01_04.PKB,1,3,606346,1504960,1
TO7MAP:/MEI_I01_05.PKB,1,3,44274,250688,1
TO7MAP:/MEI_I01_06.PKB,1,3,550796,1315712,1
TO7MAP:/MEI_I02_00.PKB,1,3,1111123,2294976,1
TO7MAP:/MEI_I02_01.PKB,1,3,708537,1514304,1
TO7MAP:/MEI_I02_02.PKB,1,3,719574,1541632,1
TO7MAP:/MEI_I03.PKB,1,3,737297,1841728,1
TO7MAP:/MEI_I04.PKB,1,3,1048182,2300032,1
TO7MAP:/MEI_I05_00.PKB,1,3,613143,1450240,1
TO7MAP:/MEI_I05_01.PKB,1,3,583687,1386176,1
TO7MAP:/MEI_I05_02.PKB,1,3,598335,1462464,1
TO7MAP:/MEI_I06.PKB,1,3,1190623,2776512,1
TO7MAP:/MEI_T00E.PKB,1,3,1697506,4346432,1
TO7MAP:/MEI_T01E.PKB,1,3,1041111,2828544,1
TO7MAP:/MEI_T02.PKB,1,3,1100626,3170816,1
TO7MAP:/MEI_T03.PKB,1,3,606812,1691456,1
TO7MAP:/MEP_I00.PKB,1,3,568583,1456384,1
TO7MAP:/MEP_I01.PKB,1,3,653501,1129024,1
TO7MAP:/MEP_T00E.PKB,1,3,655431,1987008,1
TO7MAP:/MIN_I00_00.PKB,1,3,398075,957248,1
TO7MAP:/MIN_I00_01.PKB,1,3,317558,750272,1
TO7MAP:/MIN_I01.PKB,1,3,452086,1089856,1
TO7MAP:/MIN_I02.PKB,1,3,319901,703360,1
TO7MAP:/MIN_T00E.PKB,1,3,896884,2003776,1
TO7MAP:/MIN_T01.PKB,1,3,691193,1661184,1
TO7MAP:/MIN_T02.PKB,1,3,772936,1910016,1
TO7MAP:/MIR_D00E.PKB,1,3,1055463,3028608,1
TO7MAP:/MIR_D01E.PKB,1,3,1090697,3048896,1
TO7MAP:/MIR_D02.PKB,1,3,877589,2646784,1
TO7MAP:/MIR_D03.PKB,1,3,780456,1963840,1
TO7MAP:/MIR_D04.PKB,1,3,363318,893632,1
TO7MAP:/MIR_D05.PKB,1,3,863601,2025984,1
TO7MAP:/MIR_D06E.PKB,1,3,1135140,2675584,1
TO7MAP:/MOU_D00E.PKB,1,3,730760,1682112,1
TO7MAP:/MOU_D01.PKB,1,3,333371,797504,1
TO7MAP:/MOU_D02.PKB,1,3,748490,1723776,1
TO7MAP:/MOU_D03.PKB,1,3,359812,803520,1
TO7MAP:/MOU_D04.PKB,1,3,951353,2132544,1
TO7MAP:/MOU_D05.PKB,1,3,331659,772288,1
TO7MAP:/MOU_D06.PKB,1,3,758459,1760640,1
TO7MAP:/MOU_D07.PKB,1,3,310639,716416,1
TO7MAP:/MOU_D08E.PKB,1,3,863356,1966016,1
TO7MAP:/MYU_D00E.PKB,1,3,1117025,2685632,1
TO7MAP:/MYU_D01.PKB,1,3,434251,889600,1
TO7MAP:/MYU_D02.PKB,1,3,806677,1818752,1
TO7MAP:/MYU_D03.PKB,1,3,798793,1886720,1
TO7MAP:/MYU_D04.PKB,1,3,616512,1458496,1
TO7MAP:/MYU_D05.PKB,1,3,1090659,2256896,1
TO7MAP:/MYU_D06.PKB,1,3,922312,2002240,1
TO7MAP:/NAM_I00_00.PKB,1,3,1020287,2150976,1
TO7MAP:/NAM_I00_01.PKB,1,3,1124735,2310016,1
TO7MAP:/NAM_I00_02.PKB,1,3,824817,1719104,1
TO7MAP:/NAM_I00_03.PKB,1,3,999672,2027328,1
TO7MAP:/NAM_T00E.PKB,1,3,575760,1727104,1
TO7MAP:/NAM_T01.PKB,1,3,1058229,2582848,1
TO7MAP:/NEV_D00E.PKB,1,3,981398,1988800,1
TO7MAP:/NOR_D00E.PKB,1,3,864671,2329984,1
TO7MAP:/NOR_D01.PKB,1,3,714066,1667328,1
TO7MAP:/NOR_D02.PKB,1,3,644960,1622208,1
TO7MAP:/OAS_I00.PKB,1,3,564019,1350400,1
TO7MAP:/OAS_I01.PKB,1,3,283867,624448,1
TO7MAP:/OAS_T00E.PKB,1,3,1558850,3346240,1
TO7MAP:/ONP_D00.PKB,1,3,1367485,2828672,1
TO7MAP:/ORG_I00.PKB,1,3,1219355,3160768,1
TO7MAP:/ORG_I01.PKB,1,3,863030,2467328,1
TO7MAP:/ORG_I02_00.PKB,1,3,812678,2123520,1
TO7MAP:/ORG_I02_01.PKB,1,3,970705,2421184,1
TO7MAP:/ORG_I02_02.PKB,1,3,956682,2560064,1
TO7MAP:/ORG_I02_03.PKB,1,3,1048535,2573824,1
TO7MAP:/ORG_I02_04.PKB,1,3,956057,2308288,1
TO7MAP:/ORG_I02_05.PKB,1,3,646695,1634048,1
TO7MAP:/ORG_I02_06.PKB,1,3,691982,1654656,1
TO7MAP:/ORG_I02_07.PKB,1,3,982650,2320768,1
TO7MAP:/ORG_I02_08.PKB,1,3,987103,2516544,1
TO7MAP:/ORG_I02_09.PKB,1,3,532736,1511296,1
TO7MAP:/ORG_I02_10.PKB,1,3,1229575,3154368,1
TO7MAP:/ORG_I02_11.PKB,1,3,912156,2455168,1
TO7MAP:/ORG_I02_12.PKB,1,3,938416,2096704,1
TO7MAP:/ORG_T00E.PKB,1,3,1167861,3672192,1
TO7MAP:/ORG_T01.PKB,1,3,971833,2956992,1
TO7MAP:/ORP_I00.PKB,1,3,1031930,1715520,1
TO7MAP:/ORP_T00E.PKB,1,3,486393,1604608,1
TO7MAP:/RIV_D00E.PKB,1,3,674927,1767680,1
TO7MAP:/RIV_D01.PKB,1,3,639396,1437440,1
TO7MAP:/RIV_D02E.PKB,1,3,1060436,2316992,1
TO7MAP:/SAI_I00.PKB,1,3,1250757,2755520,1
TO7MAP:/SAI_I01_00.PKB,1,3,1150802,2178112,1
TO7MAP:/SAI_I01_01.PKB,1,3,760552,1484928,1
TO7MAP:/SAI_I01_02.PKB,1,3,786916,1548928,1
TO7MAP:/SAI_I01_03.PKB,1,3,1270855,2919232,1
TO7MAP:/SAI_I02.PKB,1,3,809392,1666240,1
TO7MAP:/SAI_I03.PKB,1,3,632789,1243840,1
TO7MAP:/SAI_T00E.PKB,1,3,1470240,4145792,1
TO7MAP:/SAI_T01.PKB,1,3,1311620,3225984,1
TO7MAP:/SAN_D00E.PKB,1,3,624582,1468672,1
TO7MAP:/SAN_D01.PKB,1,3,594821,1516032,1
TO7MAP:/SAN_D02.PKB,1,3,711991,1927232,1
TO7MAP:/SAN_D03.PKB,1,3,1003694,2575296,1
TO7MAP:/SAN_D04.PKB,1,3,1318520,2963968,1
TO7MAP:/SAN_D05.PKB,1,3,637265,1708224,1
TO7MAP:/SAN_D06.PKB,1,3,591693,1857920,1
TO7MAP:/SAN_D07.PKB,1,3,712997,1919744,1
TO7MAP:/SAN_D08.PKB,1,3,694212,2198464,1
TO7MAP:/SCO_I01.PKB,1,3,1174260,2404544,1
TO7MAP:/SCO_T00E.PKB,1,3,1141076,2761664,1
TO7MAP:/SCO_T01.PKB,1,3,973734,2576064,1
TO7MAP:/SCO_T02E.PKB,1,3,1237361,3226368,1
TO7MAP:/SEA_D00.PKB,1,3,652522,2305280,1
TO7MAP:/SEA_D01.PKB,1,3,678750,2393088,1
TO7MAP:/SEA_D02.PKB,1,3,595228,1942528,1
TO7MAP:/SEA_D03.PKB,1,3,1100041,3511744,1
TO7MAP:/SEA_D04.PKB,1,3,307537,1119680,1
TO7MAP:/SEA_D05.PKB,1,3,1237353,3574144,1
TO7MAP:/SEA_D06.PKB,1,3,1241450,3513664,1
TO7MAP:/SEA_D07.PKB,1,3,1028810,3420992,1
TO7MAP:/SEA_D08.PKB,1,3,682534,2743872,1
TO7MAP:/SEA_D09.PKB,1,3,587628,2136896,1
TO7MAP:/SEA_D10.PKB,1,3,540336,2020288,1
TO7MAP:/SEA_D11.PKB,1,3,471649,1428480,1
TO7MAP:/SEA_D12.PKB,1,3,456037,1538240,1
TO7MAP:/SEA_D13.PKB,1,3,453789,1537408,1
TO7MAP:/SEA_D14.PKB,1,3,503163,1771712,1
TO7MAP:/SEA_D15E.PKB,1,3,354735,1402432,1
TO7MAP:/SEA_D16.PKB,1,3,1484502,4103296,1
TO7MAP:/SEA_D17.PKB,1,3,1089505,3156736,1
TO7MAP:/SEB_D00.PKB,1,3,1244949,3140736,1
TO7MAP:/SHI_D00.PKB,1,3,494879,1922112,1
TO7MAP:/SHI_D01.PKB,1,3,529957,2180416,1
TO7MAP:/SHI_D02.PKB,1,3,489987,1989120,1
TO7MAP:/SHI_D03.PKB,1,3,552159,2249344,1
TO7MAP:/SHI_D04.PKB,1,3,696750,2401728,1
TO7MAP:/SHI_D05.PKB,1,3,985765,3090944,1
TO7MAP:/SHI_D06.PKB,1,3,374832,980416,1
TO7MAP:/SNO_I00_00.PKB,1,3,1607774,3557184,1
TO7MAP:/SNO_I00_01.PKB,1,3,675013,1426240,1
TO7MAP:/SNO_I01.PKB,1,3,730843,1607424,1
TO7MAP:/SNO_I02.PKB,1,3,636788,1499328,1
TO7MAP:/SNO_I03_00.PKB,1,3,559276,1116416,1
TO7MAP:/SNO_I03_01.PKB,1,3,603555,1281152,1
TO7MAP:/SNO_I03_02.PKB,1,3,761189,1573440,1
TO7MAP:/SNO_I03_03.PKB,1,3,892916,1895296,1
TO7MAP:/SNO_I03_04.PKB,1,3,1127580,2478912,1
TO7MAP:/SNO_I04.PKB,1,3,803969,1759104,1
TO7MAP:/SNO_I05_00.PKB,1,3,830893,2412224,1
TO7MAP:/SNO_I05_01.PKB,1,3,698860,1549056,1
TO7MAP:/SNO_I05_02.PKB,1,3,724278,1691520,1
TO7MAP:/SNO_I05_03.PKB,1,3,1035594,2172160,1
TO7MAP:/SNO_I05_04.PKB,1,3,891603,1972288,1
TO7MAP:/SNO_I05_05.PKB,1,3,807559,1601088,1
TO7MAP:/SNO_I05_06.PKB,1,3,822569,1785472,1
TO7MAP:/SNO_I05_07.PKB,1,3,786631,1571712,1
TO7MAP:/SNO_I05_08.PKB,1,3,1153207,2479680,1
TO7MAP:/SNO_I05_09.PKB,1,3,674935,1425792,1
TO7MAP:/SNO_I05_10.PKB,1,3,675084,1426688,1
TO7MAP:/SNO_I05_11.PKB,1,3,1067752,2214400,1
TO7MAP:/SNO_I06.PKB,1,3,308435,728256,1
TO7MAP:/SNO_I07.PKB,1,3,327518,837056,1
TO7MAP:/SNO_I08_00.PKB,1,3,959558,1945664,1
TO7MAP:/SNO_I08_01.PKB,1,3,1106186,2372800,1
TO7MAP:/SNO_I09_00.PKB,1,3,1016412,1849216,1
TO7MAP:/SNO_I09_01.PKB,1,3,920605,1767680,1
TO7MAP:/SNO_I09_02.PKB,1,3,804065,1540160,1
TO7MAP:/SNO_T00E.PKB,1,3,1035275,2929408,1
TO7MAP:/SNO_T01.PKB,1,3,837426,2298816,1
TO7MAP:/SNO_T02.PKB,1,3,932772,2509120,1
TO7MAP:/SNO_T03E.PKB,1,3,909088,2625600,1
TO7MAP:/SNO_T04.PKB,1,3,966999,2725632,1
TO7MAP:/SNO_T05E.PKB,1,3,541090,1502464,1
TO7MAP:/SNP_I00.PKB,1,3,724367,1520512,1
TO7MAP:/SNP_I01.PKB,1,3,794237,1364544,1
TO7MAP:/SNP_T00E.PKB,1,3,707106,1866432,1
TO7MAP:/SOU_D00E.PKB,1,3,423542,1430464,1
TO7MAP:/SOU_D01.PKB,1,3,646505,2116096,1
TO7MAP:/SOU_D02.PKB,1,3,417508,1431040,1
TO7MAP:/SOU_D03.PKB,1,3,596836,2236288,1
TO7MAP:/SOU_D04.PKB,1,3,368315,1254272,1
TO7MAP:/SOU_D05.PKB,1,3,365577,1249472,1
TO7MAP:/SOU_D06.PKB,1,3,365947,1250432,1
TO7MAP:/SOU_D07.PKB,1,3,364954,1249856,1
TO7MAP:/SOU_D08.PKB,1,3,628093,2156224,1
TO7MAP:/SOU_D09.PKB,1,3,835176,2469888,1
TO7MAP:/SOU_D10.PKB,1,3,425415,1450880,1
TO7MAP:/SOU_D11.PKB,1,3,414582,1391936,1
TO7MAP:/SOU_D12.PKB,1,3,415963,1401088,1
TO7MAP:/SOU_D13.PKB,1,3,419195,1399744,1
TO7MAP:/SOU_D14.PKB,1,3,787710,2523200,1
TO7MAP:/SOU_D15_00.PKB,1,3,841387,2224128,1
TO7MAP:/SOU_D15_01.PKB,1,3,1076253,2946432,1
TO7MAP:/SOU_D16.PKB,1,3,809690,2193984,1
TO7MAP:/SOU_D17.PKB,1,3,441919,1557248,1
TO7MAP:/SOU_D18.PKB,1,3,432071,1607808,1
TO7MAP:/SPW_D00E.PKB,1,3,536477,1371648,1
TO7MAP:/SPW_D01.PKB,1,3,427496,1170304,1
TO7MAP:/SPW_D02.PKB,1,3,452304,1192512,1
TO7MAP:/SPW_D03.PKB,1,3,527909,1284608,1
TO7MAP:/TITLE.PKB,1,3,2307879,4529600,1
TO7MAP:/TUN_D00E.PKB,1,3,1039104,2404864,1
TO7MAP:/TUN_D01.PKB,1,3,877274,1912512,1
TO7MAP:/TUN_D02.PKB,1,3,685405,1865088,1
TO7MAP:/TUN_D03.PKB,1,3,1005594,2202624,1
TO7MAP:/WAT_I00_00.PKB,1,3,1161367,2330368,1
TO7MAP:/WAT_I00_01.PKB,1,3,820254,2009024,1
TO7MAP:/WAT_I00_02.PKB,1,3,765369,1788032,1
TO7MAP:/WAT_I00_03.PKB,1,3,735606,1620480,1
TO7MAP:/WAT_I01_00.PKB,1,3,1036603,2065152,1
TO7MAP:/WAT_I01_01.PKB,1,3,1105114,2312384,1
TO7MAP:/WAT_I02.PKB,1,3,774130,1714752,1
TO7MAP:/WAT_I03_00.PKB,1,3,944240,2079232,1
TO7MAP:/WAT_I03_01.PKB,1,3,1438411,3173888,1
TO7MAP:/WAT_I03_02.PKB,1,3,630460,1436096,1
TO7MAP:/WAT_I04_00.PKB,1,3,1250044,2635648,1
TO7MAP:/WAT_I04_01.PKB,1,3,1095398,2139584,1
TO7MAP:/WAT_I04_02.PKB,1,3,996421,2246784,1
TO7MAP:/WAT_I04_03.PKB,1,3,1540355,3544384,1
TO7MAP:/WAT_I04_04.PKB,1,3,743316,1544896,1
TO7MAP:/WAT_I04_05.PKB,1,3,1036057,2147584,1
TO7MAP:/WAT_I04_06.PKB,1,3,737054,1510464,1
TO7MAP:/WAT_I04_07.PKB,1,3,941096,1843328,1
TO7MAP:/WAT_I05_00.PKB,1,3,827517,1824960,1
TO7MAP:/WAT_I05_01.PKB,1,3,791721,1568192,1
TO7MAP:/WAT_I05_02.PKB,1,3,827682,1874752,1
TO7MAP:/WAT_I05_03.PKB,1,3,556313,1054016,1
TO7MAP:/WAT_I05_04.PKB,1,3,774141,1602176,1
TO7MAP:/WAT_I05_05.PKB,1,3,1125817,2435136,1
TO7MAP:/WAT_I05_06.PKB,1,3,1107465,2700032,1
TO7MAP:/WAT_T00E.PKB,1,3,1480107,4259904,1
TO7MAP:/WAT_T01.PKB,1,3,1103538,3381632,1
TO7MAP:/WAT_T02.PKB,1,3,1149531,3331072,1
TO7MAP:/WAT_T03.PKB,1,3,1106271,3850560,1
TO7MAP:/WAT_T04.PKB,1,3,934755,2759296,1
TO7MAP:/WET_D00.PKB,1,3,361220,932864,1
TO7MAP:/WET_D01.PKB,1,3,361219,932864,1
TO7MAP:/YUR_I00_00.PKB,1,3,972014,2509440,1
TO7MAP:/YUR_I00_01.PKB,1,3,652891,1399104,1
TO7MAP:/YUR_I00_02.PKB,1,3,1286666,3664128,1
TO7MAP:/YUR_I00_03.PKB,1,3,775128,1891264,1
TO7MAP:/YUR_I01_00.PKB,1,3,696321,1501760,1
TO7MAP:/YUR_I01_01.PKB,1,3,823168,2022400,1
TO7MAP:/YUR_I01_02.PKB,1,3,864663,2171392,1
TO7MAP:/YUR_I01_03.PKB,1,3,1715226,3724864,1
TO7MAP:/YUR_T00E.PKB,1,3,657330,2216064,1
TO7MAP:/YUR_T01.PKB,1,3,850532,2578688,1
TO7MAP:/YUR_T02E.PKB,1,3,767327,2481728,1
TO7MAP:/YUR_T03.PKB,1,3,938866,2790720,1
TO7MAP:/_CUSTOM.PKB,1,3,661054,1954880,1
TO7MAP:/_SPECIAL_ENCOUNT.PKB,1,3,47441,232320,1
TO7BTL:/BTL_ANS00.SLZ,1,3,558711,776896,1
TO7BTL:/BTL_ANS01.SLZ,1,3,526576,741440,1
TO7BTL:/BTL_ANS02.SLZ,1,3,568364,800832,1
TO7BTL:/BTL_ANS03.SLZ,1,1,567628,804672,1
TO7BTL:/BTL_ANS04.SLZ,1,1,574301,811136,1
TO7BTL:/BTL_ANS05.SLZ,1,3,544491,732544,1
TO7BTL:/BTL_ANS06.SLZ,1,3,558711,776896,1
TO7BTL:/BTL_ANS07.SLZ,1,3,558711,776896,1
TO7BTL:/BTL_ANS08.SLZ,1,3,544023,744768,1
TO7BTL:/BTL_ASH00.SLZ,1,3,462718,640480,1
TO7BTL:/BTL_ASH01.SLZ,1,3,165130,204128,1
TO7BTL:/BTL_BG.BIN,1,3,312602,566720,1
TO7BTL:/BTL_ENM.BIN,1,3,189679,310032,1
TO7BTL:/BTL_FACE00.SLZ,1,3,81059,140896,1
TO7BTL:/BTL_FACE01.SLZ,1,3,79503,140896,1
TO7BTL:/BTL_FACE02.SLZ,1,3,79398,140896,1
TO7BTL:/BTL_FIRIA.SLZ,1,1,147381,264224,1
TO7BTL:/BTL_GUY00.SLZ,1,3,438161,515104,1
TO7BTL:/BTL_JAD00.SLZ,1,3,289295,346528,1
TO7BTL:/BTL_LUK00.SLZ,1,3,450416,536096,1
TO7BTL:/BTL_LUK01.SLZ,1,3,447743,532704,1
TO7BTL:/BTL_LUK02.SLZ,1,3,449503,538720,1
TO7BTL:/BTL_LUK03.SLZ,1,3,449503,538720,1
TO7BTL:/BTL_LUK04.SLZ,1,3,449503,538720,1
TO7BTL:/BTL_LUK05.SLZ,1,3,449503,538720,1
TO7BTL:/BTL_NANARI.SLZ,1,3,150753,223456,1
TO7BTL:/BTL_NAT00.SLZ,1,3,249583,292640,1
TO7BTL:/BTL_NAT01.SLZ,1,3,245471,335264,1
TO7BTL:/BTL_RID.SLZ,1,1,259108,396928,1
TO7BTL:/BTL_TEA00.SLZ,1,3,257918,309824,1
TO7BTL:/BTL_TEA01.SLZ,1,3,203500,252032,1
TO7BTL:/BTL_WEP.BIN,1,3,8640,12448,1
TO7SE:/CHT_000.SKT,1,3,159452,429440,1
TO7SE:/CHT_001.SKT,1,3,65927,202832,1
TO7SE:/CHT_002.SKT,1,3,54926,185760,1
TO7SE:/CHT_003.SKT,1,3,174524,433968,1
TO7SE:/CHT_004.SKT,1,3,142283,419600,1
TO7SE:/CHT_005.SKT,1,3,85128,251136,1
TO7SE:/CHT_006.SKT,1,3,78182,292288,1
TO7SE:/CHT_007.SKT,1,3,166691,461216,1
TO7SE:/CHT_008.SKT,1,3,144875,404976,1
TO7SE:/CHT_009.SKT,1,3,137087,378464,1
TO7SE:/CHT_010.SKT,1,3,128726,424512,1
TO7SE:/CHT_011.SKT,1,3,139071,384656,1
TO7SE:/CHT_012.SKT,1,3,116633,323712,1
TO7SE:/CHT_013.SKT,1,3,217681,574368,1
TO7SE:/CHT_014.SKT,1,3,289996,841456,1
TO7SE:/CHT_015.SKT,1,3,122767,354688,1
TO7SE:/CHT_016.SKT,1,3,80377,290080,1
TO7SE:/CHT_017.SKT,1,3,253676,761568,1
TO7SE:/CHT_018.SKT,1,3,164782,525248,1
TO7SE:/CHT_019.SKT,1,3,72539,257440,1
TO7SE:/CHT_020.SKT,1,3,131474,376848,1
TO7SE:/CHT_021.SKT,1,3,205680,544416,1
TO7SE:/CHT_022.SKT,1,3,200747,602160,1
TO7SE:/CHT_023.SKT,1,3,153921,560928,1
TO7SE:/CHT_024.SKT,1,3,192247,565936,1
TO7SE:/CHT_025.SKT,1,3,187070,569600,1
TO7SE:/CHT_026.SKT,1,3,118238,395888,1
TO7SE:/CHT_027.SKT,1,3,105130,332304,1
TO7SE:/CHT_028.SKT,1,3,44906,140192,1
TO7SE:/CHT_029.SKT,1,3,266497,761344,1
TO7SE:/CHT_030.SKT,1,3,106152,290304,1
TO7SE:/CHT_031.SKT,1,3,124137,399952,1
TO7SE:/CHT_032.SKT,1,3,209326,654592,1
TO7SE:/CHT_033.SKT,1,3,219654,689248,1
TO7SE:/CHT_034.SKT,1,3,286725,767744,1
TO7SE:/CHT_035.SKT,1,3,187753,556512,1
TO7SE:/CHT_036.SKT,1,3,271084,839088,1
TO7SE:/CHT_037.SKT,1,3,165361,508704,1
TO7SE:/CHT_038.SKT,1,3,113382,320576,1
TO7SE:/CHT_039.SKT,1,3,265170,848272,1
TO7SE:/CHT_040.SKT,1,3,304177,865136,1
TO7SE:/CHT_041.SKT,1,3,122771,357152,1
TO7SE:/CHT_042.SKT,1,3,238290,753072,1
TO7SE:/CHT_043.SKT,1,3,126893,419792,1
TO7SE:/CHT_044.SKT,1,3,146769,429888,1
TO7SE:/CHT_045.SKT,1,3,267390,777616,1
TO7SE:/CHT_046.SKT,1,3,156335,461648,1
TO7SE:/CHT_047.SKT,1,3,274320,758528,1
TO7SE:/CHT_048.SKT,1,3,162656,476224,1
TO7SE:/CHT_049.SKT,1,3,290791,728224,1
TO7SE:/CHT_050.SKT,1,3,182482,499680,1
TO7SE:/CHT_051.SKT,1,3,132884,366128,1
TO7SE:/CHT_052.SKT,1,3,199197,516640,1
TO7SE:/CHT_053.SKT,1,3,143496,425216,1
TO7SE:/CHT_054.SKT,1,3,228172,614720,1
TO7SE:/CHT_055.SKT,1,3,219525,582000,1
TO7SE:/CHT_056.SKT,1,3,309101,840432,1
TO7SE:/CHT_057.SKT,1,3,129650,372448,1
TO7SE:/CHT_058.SKT,1,3,302100,792272,1
TO7SE:/CHT_059.SKT,1,3,184653,509296,1
TO7SE:/CHT_060.SKT,1,3,131727,356304,1
TO7SE:/CHT_061.SKT,1,3,141225,410768,1
TO7SE:/CHT_062.SKT,1,3,177788,457632,1
TO7SE:/CHT_063.SKT,1,3,108364,337232,1
TO7SE:/CHT_064.SKT,1,3,209516,628176,1
TO7SE:/CHT_065.SKT,1,3,205301,554976,1
TO7SE:/CHT_066.SKT,1,3,108406,315856,1
TO7SE:/CHT_067.SKT,1,3,293822,835744,1
TO7SE:/CHT_068.SKT,1,3,128953,407472,1
TO7SE:/CHT_069.SKT,1,3,176926,501024,1
TO7SE:/CHT_070.SKT,1,3,273561,779440,1
TO7SE:/CHT_071.SKT,1,3,97496,256144,1
TO7SE:/CHT_072.SKT,1,3,96659,277200,1
TO7SE:/CHT_073.SKT,1,3,128934,390944,1
TO7SE:/CHT_074.SKT,1,3,145801,462608,1
TO7SE:/CHT_075.SKT,1,3,157989,560832,1
TO7SE:/CHT_076.SKT,1,3,180624,536048,1
TO7SE:/CHT_077.SKT,1,3,230473,608768,1
TO7SE:/CHT_078.SKT,1,3,238651,689152,1
TO7SE:/CHT_079.SKT,1,3,192519,574080,1
TO7SE:/CHT_080.SKT,1,3,178746,460880,1
TO7SE:/CHT_081.SKT,1,3,169001,486144,1
TO7SE:/CHT_082.SKT,1,3,179304,472112,1
TO7SE:/CHT_083.SKT,1,3,221919,671280,1
TO7SE:/CHT_084.SKT,1,3,300220,807072,1
TO7SE:/CHT_085.SKT,1,3,264993,813184,1
TO7SE:/CHT_086.SKT,1,3,259069,775840,1
TO7SE:/CHT_087.SKT,1,3,126390,414288,1
TO7SE:/CHT_088.SKT,1,3,194113,498368,1
TO7SE:/CHT_089.SKT,1,3,208071,510320,1
TO7SE:/CHT_090.SKT,1,3,138924,445712,1
TO7SE:/CHT_091.SKT,1,3,288541,845600,1
TO7SE:/CHT_092.SKT,1,3,222316,656736,1
TO7SE:/CHT_093.SKT,1,3,273865,803408,1
TO7SE:/CHT_094.SKT,1,3,297166,762160,1
TO7SE:/CHT_095.SKT,1,3,300425,773072,1
TO7SE:/CHT_096.SKT,1,3,303118,841776,1
TO7SE:/CHT_097.SKT,1,3,154052,479344,1
TO7SE:/CHT_098.SKT,1,3,262923,706688,1
TO7SE:/CHT_099.SKT,1,3,145290,417248,1
TO7SE:/CHT_100.SKT,1,3,303783,747216,1
TO7SE:/CHT_101.SKT,1,3,219626,547392,1
TO7SE:/CHT_102.SKT,1,3,210099,595760,1
TO7SE:/CHT_103.SKT,1,3,178916,534768,1
TO7SE:/CHT_104.SKT,1,3,86694,330944,1
TO7SE:/CHT_105.SKT,1,3,287804,798976,1
TO7SE:/CHT_106.SKT,1,3,240508,644832,1
TO7SE:/CHT_107.SKT,1,3,194564,627360,1
TO7SE:/CHT_108.SKT,1,3,249584,722560,1
TO7SE:/CHT_109.SKT,1,3,137931,430592,1
TO7SE:/CHT_110.SKT,1,3,151501,404000,1
TO7SE:/CHT_111.SKT,1,3,299240,756336,1
TO7SE:/CHT_112.SKT,1,3,81516,271520,1
TO7SE:/CHT_113.SKT,1,3,180817,489872,1
TO7SE:/CHT_114.SKT,1,3,99601,285728,1
TO7SE:/CHT_115.SKT,1,3,135056,325856,1
TO7SE:/CHT_116.SKT,1,3,279228,778144,1
TO7SE:/CHT_117.SKT,1,3,36111,121760,1
TO7SE:/CHT_118.SKT,1,3,294729,963120,1
TO7SE:/CHT_119.SKT,1,3,274680,824336,1
TO7SE:/CHT_120.SKT,1,3,97380,261264,1
TO7SE:/CHT_121.SKT,1,3,171853,467808,1
TO7SE:/CHT_122.SKT,1,3,278531,750384,1
TO7SE:/CHT_123.SKT,1,3,287398,789440,1
TO7SE:/CHT_124.SKT,1,3,226200,769616,1
TO7SE:/CHT_125.SKT,1,3,301986,845200,1
TO7SE:/CHT_126.SKT,1,3,292023,859968,1
TO7SE:/CHT_127.SKT,1,3,172320,473296,1
TO7SE:/CHT_128.SKT,1,3,200767,469840,1
TO7SE:/CHT_129.SKT,1,3,147334,439760,1
TO7SE:/CHT_130.SKT,1,3,294264,767312,1
TO7SE:/CHT_131.SKT,1,3,135346,353072,1
TO7SE:/CHT_132.SKT,1,3,187459,494304,1
TO7SE:/CHT_133.SKT,1,3,291293,728816,1
TO7SE:/CHT_134.SKT,1,1,37915,169104,1
TO7SE:/CHT_135.SKT,1,3,198194,636336,1
TO7SE:/CHT_136.SKT,1,3,214920,748144,1
TO7SE:/CHT_137.SKT,1,3,90841,338320,1
TO7SE:/CHT_138.SKT,1,3,188859,690272,1
TO7SE:/CHT_139.SKT,1,3,129138,507824,1
TO7SE:/CHT_140.SKT,1,3,191439,713488,1
TO7SE:/CHT_141.SKT,1,3,205406,683744,1
TO7SE:/CHT_142.SKT,1,3,194379,617856,1
TO7SE:/CHT_143.SKT,1,3,194658,665024,1
TO7SE:/CHT_144.SKT,1,3,203858,608048,1
TO7SE:/CHT_145.SKT,1,3,202938,709072,1
TO7SE:/CHT_146.SKT,1,3,239392,780080,1
TO7SE:/CHT_147.SKT,1,3,147313,512752,1
TO7SE:/CHT_148.SKT,1,3,264684,779200,1
TO7SE:/CHT_149.SKT,1,3,264615,683600,1
TO7SE:/CHT_150.SKT,1,3,287098,888960,1
TO7SE:/CHT_151.SKT,1,3,112540,399392,1
TO7SE:/CHT_152.SKT,1,3,303019,993648,1
TO7SE:/CHT_153.SKT,1,3,220554,728192,1
TO7SE:/CHT_154.SKT,1,3,231120,699152,1
TO7SE:/CHT_155.SKT,1,3,286036,917024,1
TO7SE:/CHT_156.SKT,1,3,256449,651840,1
TO7SE:/CHT_157.SKT,1,3,246797,686016,1
TO7SE:/CHT_158.SKT,1,3,280066,857168,1
TO7SE:/CHT_159.SKT,1,3,291978,918048,1
TO7SE:/CHT_160.SKT,1,3,279836,792832,1
TO7SE:/CHT_161.SKT,1,3,317457,846864,1
TO7SE:/CHT_162.SKT,1,3,221432,618576,1
TO7SE:/CHT_163.SKT,1,3,289241,871840,1
TO7SE:/CHT_164.SKT,1,3,295745,841488,1
TO7SE:/CHT_165.SKT,1,3,292648,931728,1
TO7SE:/CHT_166.SKT,1,3,230284,765840,1
TO7SE:/CHT_167.SKT,1,3,303186,921040,1
TO7SE:/CHT_168.SKT,1,1,1638,3952,1
TO7SE:/CHT_169.SKT,1,3,244934,767888,1
TO7SE:/CHT_170.SKT,1,3,233666,710944,1
TO7SE:/CHT_171.SKT,1,3,300014,875088,1
TO7SE:/CHT_172.SKT,1,3,214762,601328,1
TO7SE:/CHT_173.SKT,1,3,77049,241040,1
TO7SE:/CHT_174.SKT,1,3,256353,608784,1
TO7SE:/CHT_175.SKT,1,3,235960,769456,1
TO7SE:/CHT_176.SKT,1,3,212247,681184,1
TO7SE:/CHT_177.SKT,1,3,284257,959088,1
TO7SE:/CHT_178.SKT,1,3,144345,455424,1
TO7SE:/CHT_179.SKT,1,3,247232,695248,1
TO7SE:/CHT_180.SKT,1,3,241440,739296,1
TO7SE:/CHT_181.SKT,1,3,113895,393216,1
TO7SE:/CHT_182.SKT,1,3,225207,681888,1
TO7SE:/CHT_183.SKT,1,3,254515,704096,1
TO7SE:/CHT_184.SKT,1,3,339827,868352,1
TO7SE:/CHT_185.SKT,1,3,169737,465824,1
TO7SE:/CHT_186.SKT,1,3,196277,631984,1
TO7SE:/CHT_187.SKT,1,3,177342,570688,1
TO7SE:/CHT_188.SKT,1,3,184438,555344,1
TO7SE:/CHT_189.SKT,1,3,30747,94032,1
TO7SE:/CHT_190.SKT,1,3,51490,153104,1
TO7SE:/CHT_191.SKT,1,3,41678,125488,1
TO7SE:/CHT_192.SKT,1,3,31470,106176,1
TO7SE:/CHT_193.SKT,1,3,135194,412768,1
TO7SE:/CHT_194.SKT,1,3,193081,581680,1
TO7SE:/CHT_195.SKT,1,3,206652,702048,1
TO7SE:/CHT_196.SKT,1,3,190726,643968,1
TO7SE:/CHT_197.SKT,1,3,172105,449552,1
TO7SE:/CHT_198.SKT,1,3,183604,635360,1
TO7SE:/CHT_199.SKT,1,3,213625,668624,1
TO7SE:/CHT_200.SKT,1,3,299531,966432,1
TO7SE:/CHT_201.SKT,1,3,286703,915760,1
TO7SE:/CHT_202.SKT,1,3,306534,1016608,1
TO7SE:/CHT_203.SKT,1,3,211193,614688,1
TO7SE:/CHT_204.SKT,1,3,100334,384368,1
TO7SE:/CHT_205.SKT,1,3,185407,549136,1
TO7SE:/CHT_206.SKT,1,3,255346,683216,1
TO7SE:/CHT_207.SKT,1,3,284984,794656,1
TO7SE:/CHT_208.SKT,1,3,288900,768336,1
TO7SE:/CHT_209.SKT,1,3,198555,628992,1
TO7SE:/CHT_210.SKT,1,3,194216,573344,1
TO7SE:/CHT_211.SKT,1,3,190444,567552,1
TO7SE:/CHT_212.SKT,1,3,301048,893120,1
TO7SE:/CHT_213.SKT,1,3,198777,541104,1
TO7SE:/CHT_214.SKT,1,3,155401,509680,1
TO7SE:/CHT_215.SKT,1,3,302362,783968,1
TO7SE:/CHT_216.SKT,1,3,211822,771424,1
TO7SE:/CHT_217.SKT,1,3,274028,913296,1
TO7SE:/CHT_218.SKT,1,3,244084,757056,1
TO7SE:/CHT_219.SKT,1,3,178484,514032,1
TO7SE:/CHT_220.SKT,1,3,217550,666000,1
TO7SE:/CHT_221.SKT,1,3,175862,569312,1
TO7SE:/CHT_222.SKT,1,3,179329,585072,1
TO7SE:/CHT_223.SKT,1,3,161666,499376,1
TO7SE:/CHT_224.SKT,1,3,200515,590032,1
TO7SE:/CHT_225.SKT,1,3,303320,866416,1
TO7SE:/CHT_226.SKT,1,3,293031,794368,1
TO7SE:/CHT_227.SKT,1,3,125236,409936,1
TO7SE:/CHT_228.SKT,1,3,297246,1036432,1
TO7SE:/CHT_229.SKT,1,3,301245,933216,1
TO7SE:/CHT_230.SKT,1,3,140413,444960,1
TO7SE:/CHT_231.SKT,1,3,165742,511824,1
TO7SE:/CHT_232.SKT,1,1,1638,3952,1
TO7SE:/CHT_233.SKT,1,3,146707,395408,1
TO7SE:/CHT_234.SKT,1,3,253396,759456,1
TO7SE:/CHT_235.SKT,1,3,251104,650400,1
TO7SE:/CHT_236.SKT,1,3,238127,616848,1
TO7SE:/CHT_237.SKT,1,3,187501,584368,1
TO7SE:/CHT_238.SKT,1,3,303462,858704,1
TO7SE:/CHT_239.SKT,1,3,150383,489712,1
TO7SE:/CHT_240.SKT,1,3,244050,719568,1
TO7SE:/CHT_241.SKT,1,3,302073,741488,1
TO7SE:/CHT_242.SKT,1,3,182589,592560,1
TO7SE:/CHT_243.SKT,1,3,218876,689072,1
TO7SE:/CHT_244.SKT,1,3,141630,361632,1
TO7SE:/CHT_245.SKT,1,3,299316,885872,1
TO7SE:/CHT_246.SKT,1,3,149121,431232,1
TO7SE:/CHT_247.SKT,1,3,209634,587456,1
TO7SE:/CHT_248.SKT,1,3,114156,400928,1
TO7SE:/CHT_249.SKT,1,3,253297,812336,1
TO7SE:/CHT_250.SKT,1,3,175755,426704,1
TO7SE:/CHT_251.SKT,1,3,242548,667104,1
TO7SE:/CHT_252.SKT,1,3,185903,616960,1
TO7SE:/CHT_253.SKT,1,3,175576,457456,1
TO7SE:/CHT_254.SKT,1,3,256711,656240,1
TO7SE:/CHT_255.SKT,1,3,228551,580016,1
TO7SE:/CHT_256.SKT,1,3,293330,715200,1
TO7SE:/CHT_257.SKT,1,3,186813,561840,1
TO7SE:/CHT_258.SKT,1,3,277602,813360,1
TO7SE:/CHT_259.SKT,1,3,296285,911664,1
TO7SE:/CHT_260.SKT,1,3,302262,858256,1
TO7SE:/CHT_261.SKT,1,3,190978,526448,1
TO7SE:/CHT_262.SKT,1,3,297880,890400,1
TO7SE:/CHT_263.SKT,1,3,176970,483952,1
TO7SE:/CHT_264.SKT,1,3,134571,398912,1
TO7SE:/CHT_265.SKT,1,3,213419,651872,1
TO7SE:/CHT_266.SKT,1,3,223341,597568,1
TO7SE:/CHT_267.SKT,1,3,233532,745920,1
TO7SE:/CHT_268.SKT,1,3,281318,810464,1
TO7SE:/CHT_269.SKT,1,3,170853,563056,1
TO7SE:/CHT_270.SKT,1,3,225939,634624,1
TO7SE:/CHT_271.SKT,1,3,297084,1038624,1
TO7SE:/CHT_272.SKT,1,3,216977,619344,1
TO7SE:/CHT_273.SKT,1,3,265402,682544,1
TO7SE:/CHT_274.SKT,1,3,299477,783504,1
TO7SE:/CHT_275.SKT,1,3,198079,532048,1
TO7SE:/CHT_276.SKT,1,3,98588,280176,1
TO7SE:/CHT_277.SKT,1,3,162228,451488,1
TO7SE:/CHT_278.SKT,1,3,146588,430736,1
TO7SE:/CHT_279.SKT,1,3,234748,596640,1
TO7SE:/CHT_280.SKT,1,3,187880,575392,1
TO7SE:/CHT_281.SKT,1,3,250713,681424,1
TO7SE:/CHT_282.SKT,1,3,177638,513728,1
TO7SE:/CHT_283.SKT,1,3,184037,530912,1
TO7SE:/CHT_284.SKT,1,3,102765,297056,1
TO7SE:/CHT_285.SKT,1,3,255101,708736,1
TO7SE:/CHT_286.SKT,1,3,159085,539568,1
TO7SE:/CHT_287.SKT,1,3,264037,769360,1
TO7SE:/CHT_288.SKT,1,3,247371,713184,1
TO7SE:/CHT_289.SKT,1,3,223307,698432,1
TO7SE:/CHT_290.SKT,1,3,227707,599648,1
TO7SE:/CHT_291.SKT,1,3,259617,778160,1
TO7SE:/CHT_292.SKT,1,3,294682,865600,1
TO7SE:/CHT_293.SKT,1,3,174053,570928,1
TO7SE:/CHT_294.SKT,1,3,295847,701344,1
TO7SE:/CHT_295.SKT,1,3,278410,843632,1
TO7SE:/CHT_296.SKT,1,3,288188,829520,1
TO7SE:/CHT_297.SKT,1,3,216690,666544,1
TO7SE:/CHT_298.SKT,1,3,290784,852128,1
TO7SE:/CHT_299.SKT,1,3,305563,956064,1
TO7SE:/CHT_300.SKT,1,3,164164,512768,1
TO7SE:/CHT_301.SKT,1,3,253765,645696,1
TO7SE:/CHT_302.SKT,1,3,151712,499728,1
TO7SE:/CHT_303.SKT,1,3,189802,645216,1
TO7SE:/CHT_304.SKT,1,3,200015,559984,1
TO7SE:/CHT_305.SKT,1,3,158147,491344,1
TO7SE:/CHT_306.SKT,1,3,139444,478912,1
TO7SE:/CHT_307.SKT,1,3,208011,658896,1
TO7SE:/CHT_308.SKT,1,3,161318,466656,1
TO7SE:/CHT_309.SKT,1,3,176162,522656,1
TO7SE:/CHT_310.SKT,1,3,103689,354256,1
TO7SE:/CHT_311.SKT,1,3,158340,556624,1
TO7SE:/CHT_312.SKT,1,3,151987,508544,1
TO7SE:/CHT_313.SKT,1,3,217742,737952,1
TO7SE:/CHT_314.SKT,1,3,295414,874464,1
TO7SE:/CHT_315.SKT,1,3,299933,902992,1
TO7SE:/CHT_316.SKT,1,3,293278,798688,1
TO7SE:/CHT_317.SKT,1,3,255614,811840,1
TO7SE:/CHT_318.SKT,1,3,300402,880496,1
TO7SE:/CHT_319.SKT,1,3,271997,779584,1
TO7SE:/CHT_320.SKT,1,3,171447,629760,1
TO7SE:/CHT_321.SKT,1,3,220149,678800,1
TO7SE:/CHT_322.SKT,1,3,224900,627264,1
TO7SE:/CHT_323.SKT,1,3,266388,748368,1
TO7SE:/CHT_324.SKT,1,3,236093,780336,1
TO7SE:/CHT_325.SKT,1,3,249477,870960,1
TO7SE:/CHT_326.SKT,1,3,119635,405504,1
TO7SE:/CHT_327.SKT,1,3,222800,662560,1
TO7SE:/CHT_328.SKT,1,3,223225,672960,1
TO7SE:/CHT_329.SKT,1,3,251881,886672,1
TO7SE:/CHT_330.SKT,1,3,113494,366064,1
TO7SE:/CHT_331.SKT,1,3,296851,841088,1
TO7SE:/CHT_332.SKT,1,3,36239,144608,1
TO7SE:/CHT_333.SKT,1,3,191812,633232,1
TO7SE:/CHT_334.SKT,1,3,157988,455712,1
TO7SE:/CHT_335.SKT,1,3,68875,196864,1
TO7SE:/CHT_336.SKT,1,3,221884,780560,1
TO7SE:/CHT_337.SKT,1,3,93884,286880,1
TO7SE:/CHT_338.SKT,1,3,149175,568176,1
TO7SE:/CHT_339.SKT,1,3,168019,608240,1
TO7SE:/CHT_340.SKT,1,3,294056,997808,1
TO7SE:/CHT_341.SKT,1,3,198461,671776,1
TO7SE:/CHT_342.SKT,1,3,276846,757664,1
TO7SE:/CHT_343.SKT,1,3,201842,574704,1
TO7SE:/CHT_344.SKT,1,3,262992,795472,1
TO7SE:/CHT_345.SKT,1,3,272223,745856,1
TO7SE:/CHT_346.SKT,1,3,242551,680464,1
TO7SE:/CHT_347.SKT,1,3,302367,853424,1
TO7SE:/CHT_348.SKT,1,3,304507,881712,1
TO7SE:/CHT_349.SKT,1,3,220963,719984,1
TO7SE:/CHT_350.SKT,1,3,289278,868512,1
TO7SE:/CHT_351.SKT,1,3,308865,829264,1
TO7SE:/CHT_352.SKT,1,3,264280,705952,1
TO7SE:/CHT_353.SKT,1,3,306113,846448,1
TO7SE:/CHT_354.SKT,1,3,133580,421696,1
TO7SE:/CHT_355.SKT,1,3,288594,803456,1
TO7SE:/CHT_356.SKT,1,3,279322,982512,1
TO7SE:/CHT_357.SKT,1,3,228849,768560,1
TO7SE:/CHT_358.SKT,1,3,216343,712224,1
TO7SE:/CHT_359.SKT,1,3,305820,788624,1
TO7SE:/CHT_360.SKT,1,3,195488,605120,1
TO7SE:/CHT_361.SKT,1,3,260160,765328,1
TO7SE:/CHT_362.SKT,1,3,143127,468768,1
TO7SE:/CHT_363.SKT,1,3,266647,881632,1
TO7SE:/CHT_364.SKT,1,3,305052,870576,1
TO7SE:/CHT_365.SKT,1,3,179119,737728,1
TO7SE:/CHT_366.SKT,1,3,185570,565904,1
TO7SE:/CHT_367.SKT,1,3,232997,756448,1
TO7SE:/CHT_368.SKT,1,3,213901,694112,1
TO7SE:/CHT_369.SKT,1,3,291118,797008,1
TO7SE:/CHT_370.SKT,1,3,204319,555520,1
TO7SE:/CHT_371.SKT,1,3,210723,679072,1
TO7SE:/CHT_372.SKT,1,3,293272,844960,1
TO7SE:/CHT_373.SKT,1,3,224818,668544,1
TO7SE:/CHT_374.SKT,1,3,197529,503616,1
TO7SE:/CHT_375.SKT,1,3,92162,320560,1
TO7SE:/CHT_376.SKT,1,3,153039,507232,1
TO7SE:/CHT_377.SKT,1,3,174255,570800,1
TO7SE:/CHT_378.SKT,1,3,99840,327952,1
TO7SE:/CHT_379.SKT,1,3,138715,507360,1
TO7SE:/CHT_380.SKT,1,3,291967,832096,1
TO7SE:/CHT_381.SKT,1,3,202629,752560,1
TO7SE:/CHT_382.SKT,1,3,103545,348624,1
TO7SE:/CHT_383.SKT,1,3,306461,877952,1
TO7SE:/CHT_384.SKT,1,3,123669,543488,1
TO7SE:/CHT_385.SKT,1,3,144590,451536,1
TO7SE:/CHT_386.SKT,1,3,216017,668848,1
TO7SE:/CHT_387.SKT,1,3,297667,841168,1
TO7SE:/CHT_388.SKT,1,3,196497,660624,1
TO7SE:/CHT_389.SKT,1,3,163151,548432,1
TO7SE:/CHT_390.SKT,1,3,260825,735856,1
TO7SE:/CHT_391.SKT,1,3,109009,414848,1
TO7SE:/CHT_392.SKT,1,3,173255,530752,1
TO7SE:/CHT_393.SKT,1,3,129596,462992,1
TO7SE:/CHT_394.SKT,1,3,152388,593472,1
TO7SE:/CHT_395.SKT,1,3,40894,155424,1
TO7SE:/CHT_396.SKT,1,3,190724,645744,1
TO7SE:/CHT_397.SKT,1,3,240508,760720,1
TO7SE:/CHT_398.SKT,1,3,254657,758976,1
TO7SE:/CHT_399.SKT,1,3,299884,824336,1
TO7SE:/CHT_400.SKT,1,3,221096,576000,1
TO7SE:/CHT_401.SKT,1,3,261216,802528,1
TO7SE:/CHT_402.SKT,1,3,215944,663696,1
TO7SE:/CHT_403.SKT,1,3,298414,775344,1
TO7SE:/CHT_404.SKT,1,3,217549,759920,1
TO7SE:/CHT_405.SKT,1,3,204477,599280,1
TO7SE:/CHT_406.SKT,1,3,219184,523344,1
TO7SE:/CHT_407.SKT,1,3,139823,421728,1
TO7SE:/CHT_408.SKT,1,3,137749,413520,1
TO7SE:/CHT_409.SKT,1,3,223955,677248,1
TO7SE:/CHT_410.SKT,1,3,250901,698832,1
TO7SE:/CHT_411.SKT,1,3,218429,693936,1
TO7SE:/CHT_412.SKT,1,3,299113,859904,1
TO7SE:/CHT_413.SKT,1,3,246815,838624,1
TO7SE:/CHT_414.SKT,1,3,169799,444176,1
TO7SE:/CHT_415.SKT,1,3,295121,1088896,1
TO7SE:/CHT_416.SKT,1,3,301368,909088,1
TO7SE:/CHT_417.SKT,1,3,282025,746048,1
TO7SE:/CHT_418.SKT,1,3,197287,577168,1
TO7SE:/CHT_419.SKT,1,3,201231,615024,1
TO7SE:/CHT_420.SKT,1,3,214414,533840,1
TO7SE:/CHT_421.SKT,1,3,225630,620240,1
TO7SE:/CHT_422.SKT,1,3,202130,579024,1
TO7SE:/CHT_423.SKT,1,3,220896,585952,1
TO7SE:/CHT_424.SKT,1,3,156589,499104,1
TO7SE:/CHT_425.SKT,1,3,234635,611424,1
TO7SE:/CHT_426.SKT,1,3,245314,552960,1
TO7SE:/CHT_427.SKT,1,3,276458,855856,1
TO7SE:/CHT_428.SKT,1,3,209601,703696,1
TO7SE:/CHT_429.SKT,1,3,246172,587584,1
TO7SE:/CHT_430.SKT,1,3,289977,876784,1
TO7SE:/CHT_431.SKT,1,3,292523,769552,1
TO7SE:/CHT_432.SKT,1,3,249012,667280,1
TO7SE:/CHT_433.SKT,1,3,306774,792384,1
TO7SE:/CHT_434.SKT,1,3,193866,533072,1
TO7SE:/CHT_435.SKT,1,3,287669,738432,1
TO7SE:/CHT_436.SKT,1,3,244732,689264,1
TO7SE:/CHT_437.SKT,1,3,299529,729872,1
TO7SE:/CHT_438.SKT,1,3,301025,761824,1
TO7SE:/CHT_439.SKT,1,3,297693,800528,1
TO7SE:/CHT_440.SKT,1,3,169065,520720,1
TO7SE:/CHT_441.SKT,1,3,235966,722560,1
TO7SE:/CHT_442.SKT,1,3,173610,550624,1
TO7SE:/CHT_443.SKT,1,3,282033,714992,1
TO7SE:/CHT_444.SKT,1,3,206790,535536,1
TO7SE:/CHT_445.SKT,1,3,158609,455648,1
TO7SE:/CHT_446.SKT,1,3,244294,687520,1
TO7SE:/CHT_447.SKT,1,3,266488,813680,1
TO7SE:/CHT_448.SKT,1,3,279992,815648,1
TO7SE:/CHT_449.SKT,1,3,284401,702528,1
TO7SE:/CHT_450.SKT,1,3,91993,333568,1
TO7SE:/CHT_451.SKT,1,3,253145,693072,1
TO7SE:/CHT_452.SKT,1,3,143618,368096,1
TO7SE:/CHT_453.SKT,1,3,244192,754336,1
TO7SE:/CHT_454.SKT,1,3,290461,745872,1
TO7SE:/CHT_455.SKT,1,3,312172,801792,1
TO7SE:/CHT_456.SKT,1,3,304932,796224,1
TO7SE:/CHT_457.SKT,1,3,201784,647104,1
TO7SE:/CHT_458.SKT,1,3,169296,502592,1
TO7SE:/CHT_459.SKT,1,3,246326,918768,1
TO7SE:/CHT_460.SKT,1,3,237302,647264,1
TO7SE:/CHT_461.SKT,1,3,243034,670752,1
TO7SE:/CHT_462.SKT,1,3,172327,522800,1
TO7SE:/CHT_463.SKT,1,3,227200,617184,1
TO7SE:/CHT_464.SKT,1,3,228699,575696,1
TO7SE:/CHT_465.SKT,1,3,296512,802416,1
TO7SE:/CHT_466.SKT,1,3,210399,558432,1
TO7SE:/CHT_467.SKT,1,3,197518,704912,1
TO7SE:/CHT_468.SKT,1,3,176326,481728,1
TO7SE:/CHT_469.SKT,1,3,197343,646784,1
TO7SE:/CHT_470.SKT,1,3,146288,477760,1
TO7SE:/CHT_471.SKT,1,3,297659,901392,1
TO7SE:/CHT_472.SKT,1,3,307414,941392,1
TO7SE:/CHT_473.SKT,1,3,303476,857456,1
TO7SE:/CHT_474.SKT,1,3,229140,551440,1
TO7SE:/CHT_475.SKT,1,3,264854,664208,1
TO7SE:/CHT_476.SKT,1,3,209679,622848,1
TO7SE:/CHT_477.SKT,1,3,286845,692976,1
TO7SE:/CHT_478.SKT,1,3,259643,684080,1
TO7SE:/CHT_479.SKT,1,3,228320,615376,1
TO7SE:/CHT_480.SKT,1,3,274551,656352,1
TO7SE:/CHT_481.SKT,1,3,154641,436192,1
TO7SE:/CHT_482.SKT,1,3,263636,657872,1
TO7SE:/CHT_483.SKT,1,3,183447,522784,1
TO7SE:/CHT_484.SKT,1,3,129339,361968,1
TO7SE:/CHT_485.SKT,1,3,248484,636432,1
TO7SE:/CHT_486.SKT,1,3,270842,785728,1
TO7SE:/CHT_487.SKT,1,3,280602,743712,1
TO7SE:/CHT_488.SKT,1,3,246534,750000,1
TO7SE:/CHT_489.SKT,1,3,226680,641376,1
TO7SE:/CHT_490.SKT,1,3,297392,799728,1
TO7SE:/CHT_491.SKT,1,3,254282,794528,1
TO7SE:/CHT_492.SKT,1,3,293925,804464,1
TO7SE:/CHT_493.SKT,1,3,306616,882000,1
TO7SE:/CHT_494.SKT,1,3,306967,1068384,1
TO7SE:/CHT_495.SKT,1,3,295839,986112,1
TO7SE:/CHT_496.SKT,1,3,243783,689168,1
TO7SE:/CHT_497.SKT,1,3,280111,776624,1
TO7SE:/CHT_498.SKT,1,3,203942,558656,1
TO7SE:/CHT_499.SKT,1,3,248764,699312,1
TO7SE:/CHT_500.SKT,1,3,164916,486368,1
TO7SE:/CHT_501.SKT,1,3,343793,909856,1
TO7SE:/CHT_502.SKT,1,3,290107,691312,1
TO7SE:/CHT_503.SKT,1,3,296310,658576,1
TO7SE:/CHT_504.SKT,1,3,244790,661520,1
TO7SE:/CHT_505.SKT,1,3,162705,528688,1
TO7SE:/CHT_506.SKT,1,3,62434,152832,1
TO7SE:/CHT_507.SKT,1,3,101531,198080,1
TO7SE:/CHT_508.SKT,1,3,57896,145072,1
TO7SE:/CHT_509.SKT,1,3,57961,146032,1
TO7SE:/CHT_510.SKT,1,3,80074,188960,1
TO7SE:/CHT_511.SKT,1,3,86604,177984,1
TO7SE:/CHT_512.SKT,1,3,73516,170720,1
TO7SE:/CHT_513.SKT,1,3,48239,126576,1
TO7SE:/CHT_514.SKT,1,3,97584,262064,1
TO7SE:/CHT_515.SKT,1,3,96292,190336,1
TO7SE:/CHT_516.SKT,1,3,41527,111232,1
TO7SE:/CHT_517.SKT,1,3,145722,293072,1
TO7SE:/CHT_518.SKT,1,3,125916,231952,1
TO7SE:/CHT_519.SKT,1,3,72184,175760,1
TO7SE:/CHT_520.SKT,1,3,97506,263984,1
TO7SE:/CHT_521.SKT,1,3,120307,316112,1
TO7SE:/CHT_522.SKT,1,3,115370,259552,1
TO7SE:/CHT_523.SKT,1,3,168394,305776,1
TO7SE:/CHT_524.SKT,1,3,106543,253168,1
TO7SE:/CHT_525.SKT,1,3,60471,175328,1
TO7SE:/CHT_526.SKT,1,3,116613,224704,1
TO7SE:/CHT_527.SKT,1,3,84097,208016,1
TO7SE:/CHT_528.SKT,1,3,53932,132848,1
TO7SE:/CHT_529.SKT,1,3,108553,232064,1
TO7SE:/CHT_530.SKT,1,3,83971,232576,1
TO7SE:/CHT_531.SKT,1,3,79177,224752,1
TO7SE:/CHT_532.SKT,1,3,76418,181520,1
TO7SE:/CHT_533.SKT,1,3,82743,192640,1
TO7SE:/CHT_534.SKT,1,3,86320,178992,1
TO7SE:/CHT_535.SKT,1,1,16111,85360,1
TO7SE:/CHT_536.SKT,1,1,16111,85360,1
TO7SE:/CHT_537.SKT,1,1,16111,85360,1
